{"pages":[{"page":1,"annotations":[{"type":"Link","bounds":[-17,-15,1494,874],"objref":"7","action":{"type":"GoTo","page":2,"zoom":"XYZ 0 0 0"}},{"type":"Link","bounds":[-17,-15,1494,874],"objref":"9","action":{"type":"GoTo","page":2,"zoom":"XYZ 0 0 0"}},{"type":"Link","bounds":[92,388,1283,185],"objref":"10","action":{"type":"GoTo","page":2,"zoom":"XYZ 0 0 0"}}]},{"page":2,"annotations":[{"type":"Link","bounds":[602,255,255,183],"objref":"17","action":{"type":"GoTo","page":18,"zoom":"XYZ 0 0 0"}},{"type":"Link","bounds":[915,255,255,183],"objref":"39","action":{"type":"GoTo","page":3,"zoom":"XYZ 0 0 0"}},{"type":"Link","bounds":[289,255,255,202],"objref":"40","action":{"type":"GoTo","page":123,"zoom":"XYZ 0 0 0"}},{"type":"Link","bounds":[915,507,260,184],"objref":"146","action":{"type":"GoTo","page":77,"zoom":"XYZ 0 0 0"}},{"type":"Link","bounds":[600,507,259,191],"objref":"147","action":{"type":"GoTo","page":138,"zoom":"XYZ 0 0 0"}},{"type":"Link","bounds":[281,504,266,184],"objref":"168","action":{"type":"GoTo","page":103,"zoom":"XYZ 0 0 0"}}]},{"page":3,"annotations":[{"type":"Link","bounds":[1025,495,229,212],"objref":"172","action":{"type":"GoTo","page":5,"zoom":"XYZ 0 0 0"}},{"type":"Link","bounds":[257,490,264,242],"objref":"173","action":{"type":"GoTo","page":4,"zoom":"XYZ 0 0 0"}}]},{"page":4,"annotations":[{"type":"Link","bounds":[23,681,377,147],"objref":"198","action":{"type":"GoTo","page":2,"zoom":"XYZ 0 0 0"}}]},{"page":5,"annotations":[{"type":"Link","bounds":[927,423,521,242],"objref":"218","action":{"type":"GoTo","page":8,"zoom":"XYZ 0 0 0"}},{"type":"Link","bounds":[516,423,338,242],"objref":"219","action":{"type":"GoTo","page":13,"zoom":"XYZ 0 0 0"}},{"type":"Link","bounds":[20,423,428,242],"objref":"220","action":{"type":"GoTo","page":6,"zoom":"XYZ 0 0 0"}}]},{"page":6,"annotations":[{"type":"Link","bounds":[1060,548,229,214],"objref":"229","action":{"type":"GoTo","page":7,"zoom":"XYZ 0 0 0"}},{"type":"Link","bounds":[147,545,264,240],"objref":"230","action":{"type":"GoTo","page":4,"zoom":"XYZ 0 0 0"}}]},{"page":7,"annotations":[{"type":"Link","bounds":[1065,657,365,76],"objref":"234","action":{"type":"GoTo","page":10,"zoom":"XYZ 0 0 0"}}]},{"page":8,"annotations":[{"type":"Link","bounds":[895,451,229,212],"objref":"250","action":{"type":"GoTo","page":9,"zoom":"XYZ 0 0 0"}},{"type":"Link","bounds":[328,445,236,250],"objref":"251","action":{"type":"GoTo","page":4,"zoom":"XYZ 0 0 0"}}]},{"page":9,"annotations":[{"type":"Link","bounds":[1063,663,365,76],"objref":"255","action":{"type":"GoTo","page":10,"zoom":"XYZ 0 0 0"}}]},{"page":10,"annotations":[{"type":"Link","bounds":[1030,503,230,214],"objref":"261","action":{"type":"GoTo","page":12,"zoom":"XYZ 0 0 0"}},{"type":"Link","bounds":[176,500,266,239],"objref":"262","action":{"type":"GoTo","page":11,"zoom":"XYZ 0 0 0"}}]},{"page":11,"annotations":[{"type":"Link","bounds":[14,668,376,145],"objref":"266","action":{"type":"GoTo","page":2,"zoom":"XYZ 0 0 0"}}]},{"page":12,"annotations":[{"type":"Link","bounds":[14,668,376,145],"objref":"276","action":{"type":"GoTo","page":2,"zoom":"XYZ 0 0 0"}}]},{"page":13,"annotations":[{"type":"Link","bounds":[1063,674,365,78],"objref":"284","action":{"type":"GoTo","page":14,"zoom":"XYZ 0 0 0"}}]},{"page":14,"annotations":[{"type":"Link","bounds":[1063,700,365,76],"objref":"288","action":{"type":"GoTo","page":15,"zoom":"XYZ 0 0 0"}}]},{"page":15,"annotations":[{"type":"Link","bounds":[1030,503,230,214],"objref":"292","action":{"type":"GoTo","page":17,"zoom":"XYZ 0 0 0"}},{"type":"Link","bounds":[176,500,266,239],"objref":"293","action":{"type":"GoTo","page":16,"zoom":"XYZ 0 0 0"}}]},{"page":16,"annotations":[{"type":"Link","bounds":[14,668,376,145],"objref":"297","action":{"type":"GoTo","page":2,"zoom":"XYZ 0 0 0"}}]},{"page":17,"annotations":[{"type":"Link","bounds":[14,668,376,145],"objref":"305","action":{"type":"GoTo","page":2,"zoom":"XYZ 0 0 0"}}]},{"page":18,"annotations":[{"type":"Link","bounds":[992,475,403,199],"objref":"313","action":{"type":"GoTo","page":19,"zoom":"XYZ 0 0 0"}},{"type":"Link","bounds":[541,474,376,198],"objref":"314","action":{"type":"GoTo","page":20,"zoom":"XYZ 0 0 0"}},{"type":"Link","bounds":[76,475,373,199],"objref":"315","action":{"type":"GoTo","page":55,"zoom":"XYZ 0 0 0"}}]},{"page":19,"annotations":[{"type":"Link","bounds":[14,668,376,145],"objref":"319","action":{"type":"GoTo","page":2,"zoom":"XYZ 0 0 0"}}]},{"page":20,"annotations":[{"type":"Link","bounds":[1019,477,229,214],"objref":"327","action":{"type":"GoTo","page":30,"zoom":"XYZ 0 0 0"}},{"type":"Link","bounds":[199,480,264,240],"objref":"328","action":{"type":"GoTo","page":39,"zoom":"XYZ 0 0 0"}},{"type":"Link","bounds":[44,345,323,208],"objref":"329","action":{"type":"GoTo","page":21,"zoom":"XYZ 0 0 0"}}]},{"page":21,"annotations":[{"type":"Link","bounds":[1030,503,230,214],"objref":"334","action":{"type":"GoTo","page":23,"zoom":"XYZ 0 0 0"}},{"type":"Link","bounds":[176,500,266,239],"objref":"335","action":{"type":"GoTo","page":22,"zoom":"XYZ 0 0 0"}}]},{"page":22,"annotations":[{"type":"Link","bounds":[1103,684,325,77],"objref":"339","action":{"type":"GoTo","page":24,"zoom":"XYZ 0 0 0"}},{"type":"Link","bounds":[14,668,376,145],"objref":"342","action":{"type":"GoTo","page":2,"zoom":"XYZ 0 0 0"}}]},{"page":23,"annotations":[{"type":"Link","bounds":[1103,698,325,77],"objref":"346","action":{"type":"GoTo","page":27,"zoom":"XYZ 0 0 0"}},{"type":"Link","bounds":[14,672,376,145],"objref":"347","action":{"type":"GoTo","page":2,"zoom":"XYZ 0 0 0"}}]},{"page":24,"annotations":[{"type":"Link","bounds":[1030,503,230,214],"objref":"357","action":{"type":"GoTo","page":26,"zoom":"XYZ 0 0 0"}},{"type":"Link","bounds":[176,500,266,239],"objref":"358","action":{"type":"GoTo","page":25,"zoom":"XYZ 0 0 0"}}]},{"page":25,"annotations":[{"type":"Link","bounds":[14,668,376,145],"objref":"360","action":{"type":"GoTo","page":2,"zoom":"XYZ 0 0 0"}}]},{"page":26,"annotations":[{"type":"Link","bounds":[14,668,376,145],"objref":"366","action":{"type":"GoTo","page":2,"zoom":"XYZ 0 0 0"}}]},{"page":27,"annotations":[{"type":"Link","bounds":[1030,503,230,214],"objref":"374","action":{"type":"GoTo","page":29,"zoom":"XYZ 0 0 0"}},{"type":"Link","bounds":[176,500,266,239],"objref":"375","action":{"type":"GoTo","page":28,"zoom":"XYZ 0 0 0"}}]},{"page":28,"annotations":[{"type":"Link","bounds":[14,668,376,145],"objref":"379","action":{"type":"GoTo","page":2,"zoom":"XYZ 0 0 0"}}]},{"page":29,"annotations":[{"type":"Link","bounds":[14,668,376,145],"objref":"387","action":{"type":"GoTo","page":2,"zoom":"XYZ 0 0 0"}}]},{"page":30,"annotations":[{"type":"Link","bounds":[1030,503,230,214],"objref":"395","action":{"type":"GoTo","page":35,"zoom":"XYZ 0 0 0"}},{"type":"Link","bounds":[176,500,266,239],"objref":"396","action":{"type":"GoTo","page":31,"zoom":"XYZ 0 0 0"}}]},{"page":31,"annotations":[{"type":"Link","bounds":[1103,689,325,76],"objref":"400","action":{"type":"GoTo","page":32,"zoom":"XYZ 0 0 0"}},{"type":"Link","bounds":[14,668,376,145],"objref":"401","action":{"type":"GoTo","page":2,"zoom":"XYZ 0 0 0"}}]},{"page":32,"annotations":[{"type":"Link","bounds":[1030,503,230,214],"objref":"409","action":{"type":"GoTo","page":34,"zoom":"XYZ 0 0 0"}},{"type":"Link","bounds":[176,500,266,239],"objref":"410","action":{"type":"GoTo","page":33,"zoom":"XYZ 0 0 0"}}]},{"page":33,"annotations":[{"type":"Link","bounds":[14,668,376,145],"objref":"414","action":{"type":"GoTo","page":2,"zoom":"XYZ 0 0 0"}}]},{"page":34,"annotations":[{"type":"Link","bounds":[14,668,376,145],"objref":"422","action":{"type":"GoTo","page":2,"zoom":"XYZ 0 0 0"}}]},{"page":35,"annotations":[{"type":"Link","bounds":[1103,689,325,76],"objref":"428","action":{"type":"GoTo","page":36,"zoom":"XYZ 0 0 0"}},{"type":"Link","bounds":[14,668,376,145],"objref":"431","action":{"type":"GoTo","page":2,"zoom":"XYZ 0 0 0"}}]},{"page":36,"annotations":[{"type":"Link","bounds":[1030,503,230,214],"objref":"439","action":{"type":"GoTo","page":38,"zoom":"XYZ 0 0 0"}},{"type":"Link","bounds":[176,500,266,239],"objref":"440","action":{"type":"GoTo","page":37,"zoom":"XYZ 0 0 0"}}]},{"page":37,"annotations":[{"type":"Link","bounds":[14,668,376,145],"objref":"444","action":{"type":"GoTo","page":2,"zoom":"XYZ 0 0 0"}}]},{"page":38,"annotations":[{"type":"Link","bounds":[14,668,376,145],"objref":"446","action":{"type":"GoTo","page":2,"zoom":"XYZ 0 0 0"}}]},{"page":39,"annotations":[{"type":"Link","bounds":[1034,497,229,213],"objref":"449","action":{"type":"GoTo","page":44,"zoom":"XYZ 0 0 0"}},{"type":"Link","bounds":[186,493,266,240],"objref":"450","action":{"type":"GoTo","page":40,"zoom":"XYZ 0 0 0"}}]},{"page":40,"annotations":[{"type":"Link","bounds":[1077,523,229,213],"objref":"454","action":{"type":"GoTo","page":41,"zoom":"XYZ 0 0 0"}},{"type":"Link","bounds":[124,519,266,240],"objref":"455","action":{"type":"GoTo","page":52,"zoom":"XYZ 0 0 0"}}]},{"page":41,"annotations":[{"type":"Link","bounds":[1030,503,230,214],"objref":"461","action":{"type":"GoTo","page":43,"zoom":"XYZ 0 0 0"}},{"type":"Link","bounds":[176,500,266,239],"objref":"462","action":{"type":"GoTo","page":42,"zoom":"XYZ 0 0 0"}}]},{"page":42,"annotations":[{"type":"Link","bounds":[14,668,376,145],"objref":"464","action":{"type":"GoTo","page":2,"zoom":"XYZ 0 0 0"}}]},{"page":43,"annotations":[{"type":"Link","bounds":[14,668,376,145],"objref":"472","action":{"type":"GoTo","page":2,"zoom":"XYZ 0 0 0"}}]},{"page":44,"annotations":[{"type":"Link","bounds":[1042,665,386,105],"objref":"480","action":{"type":"GoTo","page":45,"zoom":"XYZ 0 0 0"}},{"type":"Link","bounds":[14,668,376,145],"objref":"483","action":{"type":"GoTo","page":2,"zoom":"XYZ 0 0 0"}}]},{"page":45,"annotations":[{"type":"Link","bounds":[1172,552,229,213],"objref":"487","action":{"type":"GoTo","page":46,"zoom":"XYZ 0 0 0"}},{"type":"Link","bounds":[122,558,266,240],"objref":"488","action":{"type":"GoTo","page":49,"zoom":"XYZ 0 0 0"}}]},{"page":46,"annotations":[{"type":"Link","bounds":[1030,503,230,214],"objref":"494","action":{"type":"GoTo","page":48,"zoom":"XYZ 0 0 0"}},{"type":"Link","bounds":[176,500,266,239],"objref":"495","action":{"type":"GoTo","page":47,"zoom":"XYZ 0 0 0"}}]},{"page":47,"annotations":[{"type":"Link","bounds":[14,668,376,145],"objref":"499","action":{"type":"GoTo","page":2,"zoom":"XYZ 0 0 0"}}]},{"page":48,"annotations":[{"type":"Link","bounds":[14,668,376,145],"objref":"509","action":{"type":"GoTo","page":2,"zoom":"XYZ 0 0 0"}}]},{"page":49,"annotations":[{"type":"Link","bounds":[1030,503,230,214],"objref":"517","action":{"type":"GoTo","page":51,"zoom":"XYZ 0 0 0"}},{"type":"Link","bounds":[176,500,266,239],"objref":"518","action":{"type":"GoTo","page":50,"zoom":"XYZ 0 0 0"}}]},{"page":50,"annotations":[{"type":"Link","bounds":[14,668,376,145],"objref":"520","action":{"type":"GoTo","page":2,"zoom":"XYZ 0 0 0"}}]},{"page":51,"annotations":[{"type":"Link","bounds":[14,668,376,145],"objref":"524","action":{"type":"GoTo","page":2,"zoom":"XYZ 0 0 0"}}]},{"page":52,"annotations":[{"type":"Link","bounds":[1030,503,230,214],"objref":"532","action":{"type":"GoTo","page":54,"zoom":"XYZ 0 0 0"}},{"type":"Link","bounds":[176,500,266,239],"objref":"533","action":{"type":"GoTo","page":53,"zoom":"XYZ 0 0 0"}}]},{"page":53,"annotations":[{"type":"Link","bounds":[14,668,376,145],"objref":"537","action":{"type":"GoTo","page":2,"zoom":"XYZ 0 0 0"}}]},{"page":54,"annotations":[{"type":"Link","bounds":[14,668,376,145],"objref":"541","action":{"type":"GoTo","page":2,"zoom":"XYZ 0 0 0"}}]},{"page":55,"annotations":[{"type":"Link","bounds":[853,477,229,214],"objref":"545","action":{"type":"GoTo","page":56,"zoom":"XYZ 0 0 0"}},{"type":"Link","bounds":[367,486,264,240],"objref":"546","action":{"type":"GoTo","page":61,"zoom":"XYZ 0 0 0"}},{"type":"Link","bounds":[44,345,323,208],"objref":"547","action":{"type":"GoTo","page":72,"zoom":"XYZ 0 0 0"}}]},{"page":56,"annotations":[{"type":"Link","bounds":[1030,503,230,214],"objref":"552","action":{"type":"GoTo","page":59,"zoom":"XYZ 0 0 0"}},{"type":"Link","bounds":[176,500,266,239],"objref":"553","action":{"type":"GoTo","page":57,"zoom":"XYZ 0 0 0"}}]},{"page":57,"annotations":[{"type":"Link","bounds":[53,263,292,177],"objref":"557","action":{"type":"GoTo","page":58,"zoom":"XYZ 0 0 0"}},{"type":"Link","bounds":[14,668,376,145],"objref":"570","action":{"type":"GoTo","page":2,"zoom":"XYZ 0 0 0"}}]},{"page":58,"annotations":[{"type":"Link","bounds":[446,214,139,41],"objref":"576","action":{"type":"GoTo","page":57,"zoom":"XYZ 0 0 0"}},{"type":"Link","bounds":[446,165,139,110],"objref":"577","action":{"type":"GoTo","page":57,"zoom":"XYZ 0 0 0"}},{"type":"Link","bounds":[14,668,376,145],"objref":"578","action":{"type":"GoTo","page":2,"zoom":"XYZ 0 0 0"}}]},{"page":59,"annotations":[{"type":"Link","bounds":[53,263,292,177],"objref":"586","action":{"type":"GoTo","page":60,"zoom":"XYZ 0 0 0"}},{"type":"Link","bounds":[14,680,376,101],"objref":"587","action":{"type":"GoTo","page":2,"zoom":"XYZ 0 0 0"}}]},{"page":60,"annotations":[{"type":"Link","bounds":[446,214,139,41],"objref":"597","action":{"type":"GoTo","page":59,"zoom":"XYZ 0 0 0"}},{"type":"Link","bounds":[448,165,137,110],"objref":"598","action":{"type":"GoTo","page":59,"zoom":"XYZ 0 0 0"}},{"type":"Link","bounds":[14,668,376,145],"objref":"599","action":{"type":"GoTo","page":2,"zoom":"XYZ 0 0 0"}}]},{"page":61,"annotations":[{"type":"Link","bounds":[1030,503,230,214],"objref":"605","action":{"type":"GoTo","page":62,"zoom":"XYZ 0 0 0"}},{"type":"Link","bounds":[176,500,266,239],"objref":"606","action":{"type":"GoTo","page":67,"zoom":"XYZ 0 0 0"}}]},{"page":62,"annotations":[{"type":"Link","bounds":[1030,503,230,214],"objref":"612","action":{"type":"GoTo","page":63,"zoom":"XYZ 0 0 0"}},{"type":"Link","bounds":[176,500,266,239],"objref":"613","action":{"type":"GoTo","page":65,"zoom":"XYZ 0 0 0"}}]},{"page":63,"annotations":[{"type":"Link","bounds":[28,249,291,177],"objref":"617","action":{"type":"GoTo","page":64,"zoom":"XYZ 0 0 0"}},{"type":"Link","bounds":[14,668,376,145],"objref":"620","action":{"type":"GoTo","page":2,"zoom":"XYZ 0 0 0"}}]},{"page":64,"annotations":[{"type":"Link","bounds":[446,202,139,41],"objref":"628","action":{"type":"GoTo","page":63,"zoom":"XYZ 0 0 0"}},{"type":"Link","bounds":[448,153,137,110],"objref":"629","action":{"type":"GoTo","page":63,"zoom":"XYZ 0 0 0"}},{"type":"Link","bounds":[14,668,376,145],"objref":"630","action":{"type":"GoTo","page":2,"zoom":"XYZ 0 0 0"}}]},{"page":65,"annotations":[{"type":"Link","bounds":[44,273,291,188],"objref":"634","action":{"type":"GoTo","page":66,"zoom":"XYZ 0 0 0"}},{"type":"Link","bounds":[14,668,376,145],"objref":"637","action":{"type":"GoTo","page":2,"zoom":"XYZ 0 0 0"}}]},{"page":66,"annotations":[{"type":"Link","bounds":[461,208,132,40],"objref":"643","action":{"type":"GoTo","page":65,"zoom":"XYZ 0 0 0"}},{"type":"Link","bounds":[461,162,132,104],"objref":"644","action":{"type":"GoTo","page":65,"zoom":"XYZ 0 0 0"}},{"type":"Link","bounds":[14,668,376,145],"objref":"645","action":{"type":"GoTo","page":2,"zoom":"XYZ 0 0 0"}}]},{"page":67,"annotations":[{"type":"Link","bounds":[1030,503,230,214],"objref":"653","action":{"type":"GoTo","page":68,"zoom":"XYZ 0 0 0"}},{"type":"Link","bounds":[176,500,266,239],"objref":"654","action":{"type":"GoTo","page":70,"zoom":"XYZ 0 0 0"}}]},{"page":68,"annotations":[{"type":"Link","bounds":[37,286,291,175],"objref":"658","action":{"type":"GoTo","page":69,"zoom":"XYZ 0 0 0"}},{"type":"Link","bounds":[14,668,376,145],"objref":"661","action":{"type":"GoTo","page":2,"zoom":"XYZ 0 0 0"}}]},{"page":69,"annotations":[{"type":"Link","bounds":[445,208,139,41],"objref":"665","action":{"type":"GoTo","page":68,"zoom":"XYZ 0 0 0"}},{"type":"Link","bounds":[445,157,139,112],"objref":"666","action":{"type":"GoTo","page":68,"zoom":"XYZ 0 0 0"}},{"type":"Link","bounds":[14,668,376,145],"objref":"667","action":{"type":"GoTo","page":2,"zoom":"XYZ 0 0 0"}}]},{"page":70,"annotations":[{"type":"Link","bounds":[52,263,290,175],"objref":"675","action":{"type":"GoTo","page":71,"zoom":"XYZ 0 0 0"}},{"type":"Link","bounds":[14,668,376,145],"objref":"678","action":{"type":"GoTo","page":2,"zoom":"XYZ 0 0 0"}}]},{"page":71,"annotations":[{"type":"Link","bounds":[446,208,139,41],"objref":"686","action":{"type":"GoTo","page":70,"zoom":"XYZ 0 0 0"}},{"type":"Link","bounds":[448,159,137,110],"objref":"687","action":{"type":"GoTo","page":70,"zoom":"XYZ 0 0 0"}},{"type":"Link","bounds":[14,668,376,145],"objref":"688","action":{"type":"GoTo","page":2,"zoom":"XYZ 0 0 0"}}]},{"page":72,"annotations":[{"type":"Link","bounds":[1030,503,230,214],"objref":"696","action":{"type":"GoTo","page":75,"zoom":"XYZ 0 0 0"}},{"type":"Link","bounds":[176,500,266,239],"objref":"697","action":{"type":"GoTo","page":73,"zoom":"XYZ 0 0 0"}}]},{"page":73,"annotations":[{"type":"Link","bounds":[50,290,294,178],"objref":"701","action":{"type":"GoTo","page":74,"zoom":"XYZ 0 0 0"}},{"type":"Link","bounds":[14,668,376,145],"objref":"704","action":{"type":"GoTo","page":2,"zoom":"XYZ 0 0 0"}}]},{"page":74,"annotations":[{"type":"Link","bounds":[446,208,139,41],"objref":"708","action":{"type":"GoTo","page":73,"zoom":"XYZ 0 0 0"}},{"type":"Link","bounds":[448,159,137,110],"objref":"709","action":{"type":"GoTo","page":73,"zoom":"XYZ 0 0 0"}},{"type":"Link","bounds":[14,668,376,145],"objref":"710","action":{"type":"GoTo","page":2,"zoom":"XYZ 0 0 0"}}]},{"page":75,"annotations":[{"type":"Link","bounds":[50,290,294,178],"objref":"718","action":{"type":"GoTo","page":76,"zoom":"XYZ 0 0 0"}},{"type":"Link","bounds":[14,668,376,145],"objref":"721","action":{"type":"GoTo","page":2,"zoom":"XYZ 0 0 0"}}]},{"page":76,"annotations":[{"type":"Link","bounds":[446,208,139,41],"objref":"725","action":{"type":"GoTo","page":75,"zoom":"XYZ 0 0 0"}},{"type":"Link","bounds":[448,159,137,110],"objref":"726","action":{"type":"GoTo","page":75,"zoom":"XYZ 0 0 0"}},{"type":"Link","bounds":[21,672,376,147],"objref":"727","action":{"type":"GoTo","page":2,"zoom":"XYZ 0 0 0"}}]},{"page":77,"annotations":[{"type":"Link","bounds":[1047,477,229,214],"objref":"737","action":{"type":"GoTo","page":78,"zoom":"XYZ 0 0 0"}},{"type":"Link","bounds":[235,474,265,239],"objref":"738","action":{"type":"GoTo","page":81,"zoom":"XYZ 0 0 0"}}]},{"page":78,"annotations":[{"type":"Link","bounds":[996,477,231,214],"objref":"742","action":{"type":"GoTo","page":80,"zoom":"XYZ 0 0 0"}},{"type":"Link","bounds":[267,486,265,240],"objref":"743","action":{"type":"GoTo","page":79,"zoom":"XYZ 0 0 0"}}]},{"page":79,"annotations":[{"type":"Link","bounds":[14,668,376,145],"objref":"747","action":{"type":"GoTo","page":2,"zoom":"XYZ 0 0 0"}}]},{"page":80,"annotations":[{"type":"Link","bounds":[14,668,376,145],"objref":"756","action":{"type":"GoTo","page":2,"zoom":"XYZ 0 0 0"}}]},{"page":81,"annotations":[{"type":"Link","bounds":[1019,483,229,212],"objref":"764","action":{"type":"GoTo","page":82,"zoom":"XYZ 0 0 0"}},{"type":"Link","bounds":[240,480,266,240],"objref":"765","action":{"type":"GoTo","page":89,"zoom":"XYZ 0 0 0"}},{"type":"Link","bounds":[44,345,323,208],"objref":"766","action":{"type":"GoTo","page":96,"zoom":"XYZ 0 0 0"}}]},{"page":82,"annotations":[{"type":"Link","bounds":[1091,503,231,214],"objref":"769","action":{"type":"GoTo","page":86,"zoom":"XYZ 0 0 0"}},{"type":"Link","bounds":[163,512,266,240],"objref":"770","action":{"type":"GoTo","page":83,"zoom":"XYZ 0 0 0"}}]},{"page":83,"annotations":[{"type":"Link","bounds":[1030,503,230,214],"objref":"776","action":{"type":"GoTo","page":84,"zoom":"XYZ 0 0 0"}},{"type":"Link","bounds":[176,500,266,239],"objref":"777","action":{"type":"GoTo","page":85,"zoom":"XYZ 0 0 0"}}]},{"page":84,"annotations":[{"type":"Link","bounds":[14,668,376,145],"objref":"781","action":{"type":"GoTo","page":2,"zoom":"XYZ 0 0 0"}}]},{"page":85,"annotations":[{"type":"Link","bounds":[14,668,376,145],"objref":"785","action":{"type":"GoTo","page":2,"zoom":"XYZ 0 0 0"}}]},{"page":86,"annotations":[{"type":"Link","bounds":[1030,503,230,214],"objref":"789","action":{"type":"GoTo","page":87,"zoom":"XYZ 0 0 0"}},{"type":"Link","bounds":[176,500,266,239],"objref":"790","action":{"type":"GoTo","page":88,"zoom":"XYZ 0 0 0"}}]},{"page":87,"annotations":[{"type":"Link","bounds":[14,668,376,145],"objref":"794","action":{"type":"GoTo","page":2,"zoom":"XYZ 0 0 0"}}]},{"page":88,"annotations":[{"type":"Link","bounds":[14,668,376,145],"objref":"798","action":{"type":"GoTo","page":2,"zoom":"XYZ 0 0 0"}}]},{"page":89,"annotations":[{"type":"Link","bounds":[1030,515,230,214],"objref":"804","action":{"type":"GoTo","page":93,"zoom":"XYZ 0 0 0"}},{"type":"Link","bounds":[176,512,266,240],"objref":"805","action":{"type":"GoTo","page":90,"zoom":"XYZ 0 0 0"}}]},{"page":90,"annotations":[{"type":"Link","bounds":[1030,503,230,214],"objref":"811","action":{"type":"GoTo","page":91,"zoom":"XYZ 0 0 0"}},{"type":"Link","bounds":[176,500,266,239],"objref":"812","action":{"type":"GoTo","page":92,"zoom":"XYZ 0 0 0"}}]},{"page":91,"annotations":[{"type":"Link","bounds":[14,668,376,145],"objref":"816","action":{"type":"GoTo","page":2,"zoom":"XYZ 0 0 0"}}]},{"page":92,"annotations":[{"type":"Link","bounds":[14,668,376,145],"objref":"822","action":{"type":"GoTo","page":2,"zoom":"XYZ 0 0 0"}}]},{"page":93,"annotations":[{"type":"Link","bounds":[1030,503,230,214],"objref":"826","action":{"type":"GoTo","page":94,"zoom":"XYZ 0 0 0"}},{"type":"Link","bounds":[176,500,266,239],"objref":"827","action":{"type":"GoTo","page":95,"zoom":"XYZ 0 0 0"}}]},{"page":94,"annotations":[{"type":"Link","bounds":[14,668,376,145],"objref":"829","action":{"type":"GoTo","page":2,"zoom":"XYZ 0 0 0"}}]},{"page":95,"annotations":[{"type":"Link","bounds":[14,668,376,145],"objref":"833","action":{"type":"GoTo","page":2,"zoom":"XYZ 0 0 0"}}]},{"page":96,"annotations":[{"type":"Link","bounds":[1030,533,229,214],"objref":"835","action":{"type":"GoTo","page":97,"zoom":"XYZ 0 0 0"}},{"type":"Link","bounds":[162,536,264,240],"objref":"836","action":{"type":"GoTo","page":100,"zoom":"XYZ 0 0 0"}}]},{"page":97,"annotations":[{"type":"Link","bounds":[1030,503,230,214],"objref":"842","action":{"type":"GoTo","page":98,"zoom":"XYZ 0 0 0"}},{"type":"Link","bounds":[176,500,266,239],"objref":"843","action":{"type":"GoTo","page":99,"zoom":"XYZ 0 0 0"}}]},{"page":98,"annotations":[{"type":"Link","bounds":[14,668,376,145],"objref":"845","action":{"type":"GoTo","page":2,"zoom":"XYZ 0 0 0"}}]},{"page":99,"annotations":[{"type":"Link","bounds":[14,668,376,145],"objref":"853","action":{"type":"GoTo","page":2,"zoom":"XYZ 0 0 0"}}]},{"page":100,"annotations":[{"type":"Link","bounds":[1030,503,230,214],"objref":"861","action":{"type":"GoTo","page":101,"zoom":"XYZ 0 0 0"}},{"type":"Link","bounds":[176,500,266,239],"objref":"862","action":{"type":"GoTo","page":102,"zoom":"XYZ 0 0 0"}}]},{"page":101,"annotations":[{"type":"Link","bounds":[14,668,376,145],"objref":"864","action":{"type":"GoTo","page":2,"zoom":"XYZ 0 0 0"}}]},{"page":102,"annotations":[{"type":"Link","bounds":[14,668,376,145],"objref":"870","action":{"type":"GoTo","page":2,"zoom":"XYZ 0 0 0"}}]},{"page":103,"annotations":[{"type":"Link","bounds":[570,338,302,235],"objref":"878","action":{"type":"GoTo","page":104,"zoom":"XYZ 0 0 0"}},{"type":"Link","bounds":[64,387,394,171],"objref":"881","action":{"type":"GoTo","page":77,"zoom":"XYZ 0 0 0"}},{"type":"Link","bounds":[978,495,394,183],"objref":"884","action":{"type":"GoTo","page":55,"zoom":"XYZ 0 0 0"}},{"type":"Link","bounds":[978,316,394,184],"objref":"887","action":{"type":"GoTo","page":20,"zoom":"XYZ 0 0 0"}}]},{"page":104,"annotations":[{"type":"Link","bounds":[1034,497,229,213],"objref":"891","action":{"type":"GoTo","page":105,"zoom":"XYZ 0 0 0"}},{"type":"Link","bounds":[186,493,266,240],"objref":"892","action":{"type":"GoTo","page":4,"zoom":"XYZ 0 0 0"}}]},{"page":105,"annotations":[{"type":"Link","bounds":[940,477,229,214],"objref":"903","action":{"type":"GoTo","page":106,"zoom":"XYZ 0 0 0"}},{"type":"Link","bounds":[328,480,266,240],"objref":"904","action":{"type":"GoTo","page":114,"zoom":"XYZ 0 0 0"}},{"type":"Link","bounds":[44,345,323,208],"objref":"905","action":{"type":"GoTo","page":115,"zoom":"XYZ 0 0 0"}}]},{"page":106,"annotations":[{"type":"Link","bounds":[1042,675,386,104],"objref":"910","action":{"type":"GoTo","page":107,"zoom":"XYZ 0 0 0"}},{"type":"Link","bounds":[14,668,376,145],"objref":"911","action":{"type":"GoTo","page":2,"zoom":"XYZ 0 0 0"}}]},{"page":107,"annotations":[{"type":"Link","bounds":[1172,559,229,213],"objref":"917","action":{"type":"GoTo","page":111,"zoom":"XYZ 0 0 0"}},{"type":"Link","bounds":[73,555,266,241],"objref":"918","action":{"type":"GoTo","page":108,"zoom":"XYZ 0 0 0"}}]},{"page":108,"annotations":[{"type":"Link","bounds":[1030,503,230,214],"objref":"922","action":{"type":"GoTo","page":110,"zoom":"XYZ 0 0 0"}},{"type":"Link","bounds":[176,500,266,239],"objref":"923","action":{"type":"GoTo","page":109,"zoom":"XYZ 0 0 0"}}]},{"page":109,"annotations":[{"type":"Link","bounds":[14,668,376,145],"objref":"927","action":{"type":"GoTo","page":2,"zoom":"XYZ 0 0 0"}}]},{"page":110,"annotations":[{"type":"Link","bounds":[14,668,376,145],"objref":"935","action":{"type":"GoTo","page":2,"zoom":"XYZ 0 0 0"}}]},{"page":111,"annotations":[{"type":"Link","bounds":[1030,503,230,214],"objref":"939","action":{"type":"GoTo","page":113,"zoom":"XYZ 0 0 0"}},{"type":"Link","bounds":[176,500,266,239],"objref":"940","action":{"type":"GoTo","page":112,"zoom":"XYZ 0 0 0"}}]},{"page":112,"annotations":[{"type":"Link","bounds":[14,668,376,145],"objref":"944","action":{"type":"GoTo","page":2,"zoom":"XYZ 0 0 0"}}]},{"page":113,"annotations":[{"type":"Link","bounds":[14,668,376,145],"objref":"948","action":{"type":"GoTo","page":2,"zoom":"XYZ 0 0 0"}}]},{"page":114,"annotations":[{"type":"Link","bounds":[1042,680,386,95],"objref":"956","action":{"type":"GoTo","page":107,"zoom":"XYZ 0 0 0"}},{"type":"Link","bounds":[14,668,376,145],"objref":"959","action":{"type":"GoTo","page":2,"zoom":"XYZ 0 0 0"}}]},{"page":115,"annotations":[{"type":"Link","bounds":[1042,675,386,104],"objref":"963","action":{"type":"GoTo","page":116,"zoom":"XYZ 0 0 0"}},{"type":"Link","bounds":[14,668,376,145],"objref":"964","action":{"type":"GoTo","page":2,"zoom":"XYZ 0 0 0"}}]},{"page":116,"annotations":[{"type":"Link","bounds":[1030,503,230,214],"objref":"970","action":{"type":"GoTo","page":117,"zoom":"XYZ 0 0 0"}},{"type":"Link","bounds":[176,500,266,239],"objref":"971","action":{"type":"GoTo","page":120,"zoom":"XYZ 0 0 0"}}]},{"page":117,"annotations":[{"type":"Link","bounds":[1030,503,230,214],"objref":"977","action":{"type":"GoTo","page":118,"zoom":"XYZ 0 0 0"}},{"type":"Link","bounds":[176,500,266,239],"objref":"978","action":{"type":"GoTo","page":119,"zoom":"XYZ 0 0 0"}}]},{"page":118,"annotations":[{"type":"Link","bounds":[14,668,376,145],"objref":"982","action":{"type":"GoTo","page":2,"zoom":"XYZ 0 0 0"}}]},{"page":119,"annotations":[{"type":"Link","bounds":[14,668,376,145],"objref":"988","action":{"type":"GoTo","page":2,"zoom":"XYZ 0 0 0"}}]},{"page":120,"annotations":[{"type":"Link","bounds":[1030,503,230,214],"objref":"996","action":{"type":"GoTo","page":121,"zoom":"XYZ 0 0 0"}},{"type":"Link","bounds":[176,500,266,239],"objref":"997","action":{"type":"GoTo","page":122,"zoom":"XYZ 0 0 0"}}]},{"page":121,"annotations":[{"type":"Link","bounds":[14,668,376,145],"objref":"999","action":{"type":"GoTo","page":2,"zoom":"XYZ 0 0 0"}}]},{"page":122,"annotations":[{"type":"Link","bounds":[14,668,376,145],"objref":"1003","action":{"type":"GoTo","page":2,"zoom":"XYZ 0 0 0"}}]},{"page":123,"annotations":[{"type":"Link","bounds":[1065,376,260,176],"objref":"1011","action":{"type":"GoTo","page":124,"zoom":"XYZ 0 0 0"}},{"type":"Link","bounds":[176,376,311,176],"objref":"1012","action":{"type":"GoTo","page":134,"zoom":"XYZ 0 0 0"}},{"type":"Link","bounds":[619,376,305,176],"objref":"1013","action":{"type":"GoTo","page":133,"zoom":"XYZ 0 0 0"}}]},{"page":124,"annotations":[{"type":"Link","bounds":[1001,521,230,212],"objref":"1017","action":{"type":"GoTo","page":125,"zoom":"XYZ 0 0 0"}},{"type":"Link","bounds":[188,523,266,241],"objref":"1018","action":{"type":"GoTo","page":129,"zoom":"XYZ 0 0 0"}}]},{"page":125,"annotations":[{"type":"Link","bounds":[1103,695,325,77],"objref":"1022","action":{"type":"GoTo","page":126,"zoom":"XYZ 0 0 0"}},{"type":"Link","bounds":[23,695,588,77],"objref":"1023","action":{"type":"GoTo","page":3,"zoom":"XYZ 0 0 0"}}]},{"page":126,"annotations":[{"type":"Link","bounds":[1030,503,230,214],"objref":"1029","action":{"type":"GoTo","page":127,"zoom":"XYZ 0 0 0"}},{"type":"Link","bounds":[176,500,266,239],"objref":"1030","action":{"type":"GoTo","page":128,"zoom":"XYZ 0 0 0"}}]},{"page":127,"annotations":[{"type":"Link","bounds":[14,668,376,145],"objref":"1034","action":{"type":"GoTo","page":2,"zoom":"XYZ 0 0 0"}}]},{"page":128,"annotations":[{"type":"Link","bounds":[14,668,376,145],"objref":"1042","action":{"type":"GoTo","page":2,"zoom":"XYZ 0 0 0"}}]},{"page":129,"annotations":[{"type":"Link","bounds":[1103,695,325,77],"objref":"1046","action":{"type":"GoTo","page":130,"zoom":"XYZ 0 0 0"}},{"type":"Link","bounds":[20,700,588,76],"objref":"1047","action":{"type":"GoTo","page":3,"zoom":"XYZ 0 0 0"}}]},{"page":130,"annotations":[{"type":"Link","bounds":[1030,503,230,214],"objref":"1053","action":{"type":"GoTo","page":131,"zoom":"XYZ 0 0 0"}},{"type":"Link","bounds":[176,500,266,239],"objref":"1054","action":{"type":"GoTo","page":132,"zoom":"XYZ 0 0 0"}}]},{"page":131,"annotations":[{"type":"Link","bounds":[14,668,376,145],"objref":"1058","action":{"type":"GoTo","page":2,"zoom":"XYZ 0 0 0"}}]},{"page":132,"annotations":[{"type":"Link","bounds":[14,668,376,145],"objref":"1060","action":{"type":"GoTo","page":2,"zoom":"XYZ 0 0 0"}}]},{"page":133,"annotations":[{"type":"Link","bounds":[1103,689,325,78],"objref":"1068","action":{"type":"GoTo","page":135,"zoom":"XYZ 0 0 0"}},{"type":"Link","bounds":[28,689,588,78],"objref":"1069","action":{"type":"GoTo","page":3,"zoom":"XYZ 0 0 0"}}]},{"page":134,"annotations":[{"type":"Link","bounds":[1103,684,325,77],"objref":"1073","action":{"type":"GoTo","page":135,"zoom":"XYZ 0 0 0"}},{"type":"Link","bounds":[20,684,588,77],"objref":"1074","action":{"type":"GoTo","page":3,"zoom":"XYZ 0 0 0"}}]},{"page":135,"annotations":[{"type":"Link","bounds":[1030,503,230,214],"objref":"1078","action":{"type":"GoTo","page":136,"zoom":"XYZ 0 0 0"}},{"type":"Link","bounds":[176,500,266,239],"objref":"1079","action":{"type":"GoTo","page":137,"zoom":"XYZ 0 0 0"}}]},{"page":136,"annotations":[{"type":"Link","bounds":[14,668,376,145],"objref":"1083","action":{"type":"GoTo","page":2,"zoom":"XYZ 0 0 0"}}]},{"page":137,"annotations":[{"type":"Link","bounds":[14,668,376,145],"objref":"1091","action":{"type":"GoTo","page":2,"zoom":"XYZ 0 0 0"}}]},{"page":138,"annotations":[{"type":"Link","bounds":[862,376,482,247],"objref":"1099","action":{"type":"GoTo","page":139,"zoom":"XYZ 0 0 0"}},{"type":"Link","bounds":[862,376,482,247],"objref":"1101","action":{"type":"GoTo","page":139,"zoom":"XYZ 0 0 0"}},{"type":"Link","bounds":[179,298,405,403],"objref":"1104","action":{"type":"GoTo","page":146,"zoom":"XYZ 0 0 0"}},{"type":"Link","bounds":[179,298,405,403],"objref":"1112","action":{"type":"GoTo","page":146,"zoom":"XYZ 0 0 0"}}]},{"page":139,"annotations":[{"type":"Link","bounds":[1030,503,230,214],"objref":"1116","action":{"type":"GoTo","page":140,"zoom":"XYZ 0 0 0"}},{"type":"Link","bounds":[176,500,266,239],"objref":"1117","action":{"type":"GoTo","page":143,"zoom":"XYZ 0 0 0"}}]},{"page":140,"annotations":[{"type":"Link","bounds":[1030,503,230,214],"objref":"1123","action":{"type":"GoTo","page":141,"zoom":"XYZ 0 0 0"}},{"type":"Link","bounds":[176,500,266,239],"objref":"1124","action":{"type":"GoTo","page":142,"zoom":"XYZ 0 0 0"}}]},{"page":141,"annotations":[{"type":"Link","bounds":[14,668,376,145],"objref":"1128","action":{"type":"GoTo","page":2,"zoom":"XYZ 0 0 0"}}]},{"page":142,"annotations":[{"type":"Link","bounds":[14,668,376,145],"objref":"1136","action":{"type":"GoTo","page":2,"zoom":"XYZ 0 0 0"}}]},{"page":143,"annotations":[{"type":"Link","bounds":[1030,503,230,214],"objref":"1144","action":{"type":"GoTo","page":144,"zoom":"XYZ 0 0 0"}},{"type":"Link","bounds":[176,500,266,239],"objref":"1145","action":{"type":"GoTo","page":145,"zoom":"XYZ 0 0 0"}}]},{"page":144,"annotations":[{"type":"Link","bounds":[14,668,376,145],"objref":"1147","action":{"type":"GoTo","page":2,"zoom":"XYZ 0 0 0"}}]},{"page":145,"annotations":[{"type":"Link","bounds":[14,668,376,145],"objref":"1157","action":{"type":"GoTo","page":2,"zoom":"XYZ 0 0 0"}}]},{"page":146,"annotations":[{"type":"Link","bounds":[1030,503,230,214],"objref":"1162","action":{"type":"GoTo","page":147,"zoom":"XYZ 0 0 0"}},{"type":"Link","bounds":[176,500,266,239],"objref":"1164","action":{"type":"GoTo","page":148,"zoom":"XYZ 0 0 0"}}]},{"page":147,"annotations":[{"type":"Link","bounds":[14,668,376,145],"objref":"1169","action":{"type":"GoTo","page":2,"zoom":"XYZ 0 0 0"}}]},{"page":148,"annotations":[{"type":"Link","bounds":[14,668,376,145],"objref":"1173","action":{"type":"GoTo","page":2,"zoom":"XYZ 0 0 0"}}]}]}